{
    "binary": {},
    "multi": {},
    "regression": {
        "random_forest": {
            "r2": 0.2682141322895848,
            "rmse": 2.776932278608406,
            "mae": 2.017065307560656,
            "mape": 984175084482609.6,
            "explained_variance": 0.2712529361324675,
            "best_params": {
                "regressor__max_depth": null,
                "regressor__max_features": "sqrt",
                "regressor__min_samples_leaf": 1,
                "regressor__min_samples_split": 5,
                "regressor__n_estimators": 100
            }
        },
        "linear_regression": {
            "r2": 0.21962774281599384,
            "rmse": 2.867637099703319,
            "mae": 2.1638194787734824,
            "mape": 952464226556150.4,
            "explained_variance": 0.22008284930054223,
            "best_params": {
                "regressor__fit_intercept": true,
                "regressor__positive": false
            }
        },
        "ridge": {
            "r2": 0.26910928386730193,
            "rmse": 2.7752333280943784,
            "mae": 2.0242790788690943,
            "mape": 1016676879449853.4,
            "explained_variance": 0.2695635357002891,
            "best_params": {
                "regressor__alpha": 100.0,
                "regressor__fit_intercept": true,
                "regressor__solver": "saga"
            }
        },
        "lasso": {
            "r2": 0.2580815455560289,
            "rmse": 2.7960914181043237,
            "mae": 2.057314575591031,
            "mape": 1006034363559284.4,
            "explained_variance": 0.25936097280886383,
            "best_params": {
                "regressor__alpha": 0.1,
                "regressor__fit_intercept": true,
                "regressor__max_iter": 1000,
                "regressor__selection": "cyclic"
            }
        },
        "svr": {
            "r2": 0.29122996414869706,
            "rmse": 2.7329139286766986,
            "mae": 2.007868633231909,
            "mape": 1014623830701281.0,
            "explained_variance": 0.2912473845755923,
            "best_params": {
                "regressor__C": 10,
                "regressor__epsilon": 0.5,
                "regressor__gamma": 0.01,
                "regressor__kernel": "rbf"
            }
        },
        "gradient_boosting": {
            "r2": 0.2685610504830406,
            "rmse": 2.7762739695488925,
            "mae": 2.021032373572951,
            "mape": 1027569496982463.1,
            "explained_variance": 0.27120268519213264,
            "best_params": {
                "regressor__learning_rate": 0.05,
                "regressor__loss": "absolute_error",
                "regressor__max_depth": 5,
                "regressor__min_samples_leaf": 1,
                "regressor__min_samples_split": 5,
                "regressor__n_estimators": 100,
                "regressor__subsample": 0.9
            }
        }
    }
}